sentence,target,answer
川**へ**釣りに行って大きな魚を釣った。,へ,格助詞
毎朝7時**に**起きてストレッチをする。,に,格助詞
兄はバスケットボール**が**得意だ。,が,格助詞
図書館**で**静かに勉強をする。,で,格助詞
友達**と**遊園地へ遊びに行った。,と,格助詞
このテーブルは木**で**作られている。,で,格助詞
新しいペン**で**ノートに文字を書く。,で,格助詞
来週の金曜日まで**に**レポートを提出してください。,に,格助詞
妹**から**プレゼントをもらった。,から,格助詞
桜の花びら**が**風に舞っている。,が,格助詞
風邪**で**学校を休んだ。,で,格助詞
彼女は教師**に**なった。,に,格助詞
窓**から**美しい景色が見える。,から,格助詞
電車**を**降りて改札へ向かう。,を,格助詞
この本は世界中**で**読まれている。,で,格助詞
映画を観**に**映画館へ行った。,に,格助詞
パソコンの画面**を**見つめる。,を,格助詞
9時**から**授業が始まる。,から,格助詞
太陽が東**から**昇る。,から,格助詞
先生**より**手紙が届いた。,より,格助詞
公園**を**散歩しながら写真を撮る。,を,格助詞
母**に**感謝の気持ちを伝える。,に,格助詞
兄**より**足が速い。,より,格助詞
空**が**青く澄み渡っている。,が,格助詞
富士山**へ**登る準備を進める。,へ,格助詞
氷**が**溶けて水になる。,が,格助詞
ナイフ**で**リンゴの皮をむく。,で,格助詞
会社**へ**向かう途中で雨が降ってきた。,へ,格助詞
教室**に**入って席に着く。,に,格助詞
悲しみ**に**暮れる日々を過ごす。,に,格助詞
この服は絹**で**できている。,で,格助詞
弟**と**喧嘩をしてしまった。,と,格助詞
階段**を**上って屋上へ出た。,を,格助詞
東京**から**大阪まで新幹線で行く。,から,格助詞
想像**より**ずっと大きかった。,より,格助詞
彼女**と**同じ意見を持っている。,と,格助詞
音楽**を**聴きながら仕事をする。,を,格助詞
事故**で**電車が遅延している。,で,格助詞
部屋**に**ポスターを貼る。,に,格助詞
始発列車**で**現地へ向かった。,で,格助詞
桜の木**の**下に集合した。,の,格助詞
リンゴ**や**ミカンを買ってきた。,や,格助詞
鳥**が**空高く飛んでいる。,が,格助詞
彼**と**一緒にプロジェクトを進める。,と,格助詞
海**へ**行って波の音を聞いた。,へ,格助詞
英語**で**スピーチを行った。,で,格助詞
駅から徒歩10分**の**場所にある。,の,格助詞
彼**より**先に到着した。,より,格助詞
友達**から**メールが送られてきた。,から,格助詞
壁**に**絵を飾る。,に,格助詞
信号**が**赤に変わった。,が,格助詞
犬**と**散歩に行くのが日課だ。,と,格助詞
橋**を**渡ると駅が見えてくる。,を,格助詞
熱**で**頭が痛い。,で,格助詞
海外**へ**旅立つ友人を見送る。,へ,格助詞
父**に**プレゼントを贈った。,に,格助詞
鉛筆**で**下書きをする。,で,格助詞
山**の**頂上を目指して登る。,の,格助詞
予定**より**早く到着した。,より,格助詞
ノート**や**消しゴムを準備する。,や,格助詞
声**が**聞こえる方へ歩いた。,が,格助詞
角**を**曲がるとコンビニがある。,を,格助詞
10時**に**待ち合わせをした。,に,格助詞
故郷**から**便りが届いた。,から,格助詞
クラスで一番身長**が**高い。,が,格助詞
紙**で**飛行機を作った。,で,格助詞
日本**の**文化について学ぶ。,の,格助詞
夢**に**向かって努力を続ける。,に,格助詞
友**より**大切な存在はない。,より,格助詞
空腹**で**力が出ない。,で,格助詞
本**を**棚に戻す。,を,格助詞
学校**へ**向かう通学路。,へ,格助詞
赤**と**青の服を着る。,と,格助詞
朝**から**晩まで働いた。,から,格助詞
水**が**綺麗に澄んでいる。,が,格助詞
春が来れ**ば**花が咲く。,ば,接続助詞
ボタンを押す**と**ドアが開く。,と,接続助詞
雨が降っ**ても**試合は行われる。,ても,接続助詞
一生懸命勉強した**けれど**、不合格だった。,けれど,接続助詞
薬を飲んだ**が**、熱が下がらない。,が,接続助詞
約束した**のに**、彼は来なかった。,のに,接続助詞
用事がある**ので**失礼します。,ので,接続助詞
危ない**から**触ってはいけない。,から,接続助詞
手を洗っ**て**から食事をする。,て,接続助詞
歩き**ながら**音楽を聞く。,ながら,接続助詞
本を読ん**たり**音楽を聴いたりして過ごす。,たり,接続助詞
値段も安い**し**味も美味しい。,し,接続助詞
考え**つつ**歩みを進める。,つつ,接続助詞
調べた**ものの**、よく分からなかった。,ものの,接続助詞
どんなに辛く**とも**あきらめない。,とも,接続助詞
安かっ**たら**買おうと思う。,たら,接続助詞
忙しい**けれども**楽しかった。,けれども,接続助詞
走っ**て**学校へ向かった。,て,接続助詞
努力した**のに**成果が出ない。,のに,接続助詞
暑い**から**エアコンをつける。,から,接続助詞
寒かっ**たら**上着を着てください。,たら,接続助詞
いくら頼ん**でも**断られるだろう。,でも,接続助詞
空が暗くなってきた**ので**帰ろう。,ので,接続助詞
テレビを見**つつ**勉強する。,つつ,接続助詞
笑い**ながら**話している。,ながら,接続助詞
雨が降っ**たら**中止にします。,たら,接続助詞
時間が無かった**ので**急いだ。,ので,接続助詞
歳を重ね**ても**挑戦し続ける。,ても,接続助詞
話を聞い**た**が、理解できなかった。,が,接続助詞
風が強かった**ので**電車が止まった。,ので,接続助詞
泣き**ながら**感謝の言葉を述べた。,ながら,接続助詞
早く起きれ**ば**始発に間に合う。,ば,接続助詞
ご飯を食べ**て**歯を磨く。,て,接続助詞
歌っ**たり**踊ったりして楽しむ。,たり,接続助詞
頭もいい**し**運動も得意だ。,し,接続助詞
失敗し**ても**何度でもやり直せる。,ても,接続助詞
声をかけた**のに**無視された。,のに,接続助詞
遠い**から**タクシーを使おう。,から,接続助詞
見れ**ば**見るほど面白い。,ば,接続助詞
努力を重ね**つつ**機会を待つ。,つつ,接続助詞
承諾した**ものの**不安が残る。,ものの,接続助詞
危険だと分かっ**て**いても行く。,て,接続助詞
話せ**ば**分かるはずだ。,ば,接続助詞
信号が青になっ**たら**渡りなさい。,たら,接続助詞
疲れてい**ても**笑顔を絶やさない。,ても,接続助詞
夜が明ける**と**鳥が鳴き始めた。,と,接続助詞
綺麗だ**けれど**値段が高い。,けれど,接続助詞
腹が立っ**ても**冷静に対応する。,ても,接続助詞
暗い**から**電気をつけよう。,から,接続助詞
急い**で**行ったが間に合わなかった。,で,接続助詞
悩み**つつ**結論を出した。,つつ,接続助詞
見**たり**聞いたりしたことを話す。,たり,接続助詞
親切だ**し**丁寧だ。,し,接続助詞
雨が降る**と**道が混雑する。,と,接続助詞
挑戦し**て**失敗する方がよい。,て,接続助詞
何度も読ん**で**理解を深める。,で,接続助詞
知っ**て**いながら教えなかった。,て,接続助詞
雨が降る**から**傘を持っていく。,から,接続助詞
休んだ**のに**疲れが取れない。,のに,接続助詞
安く**ても**品質が良い。,ても,接続助詞
一生懸命走った**のに**負けてしまった。,のに,接続助詞
寒くなっ**たら**ストーブをつける。,たら,接続助詞
連絡が来**たら**教えてください。,たら,接続助詞
そう言い**つつ**微笑んだ。,つつ,接続助詞
雨が降りそうだ**から**早く帰ろう。,から,接続助詞
買ってみた**ものの**使わなかった。,ものの,接続助詞
振り返る**と**誰もいなかった。,と,接続助詞
本を読み**ながら**メモを取る。,ながら,接続助詞
安かっ**たら**買おう。,たら,接続助詞
難しかった**たけれど**最後まで解いた。,けれど,接続助詞
練習すれ**ば**上手になる。,ば,接続助詞
静かだ**から**集中できる。,から,接続助詞
お腹が空いた**ので**パンを食べた。,ので,接続助詞
風が吹い**ても**倒れない。,ても,接続助詞
勝ち目がない**と**分かっていても挑む。,と,接続助詞
明日の天気は晴れる**か**な。,か,終助詞
そろそろ出かけよう**よ**。,よ,終助詞
今日は本当に良い天気だ**ね**。,ね,終助詞
そんなこと、私には分からない**わ**。,わ,終助詞
絶対に負けない**ぞ**。,ぞ,終助詞
さあ、一緒に行こう**ぜ**。,ぜ,終助詞
どこへ行く**の**？,の,終助詞
無事に着くといい**かしら**。,かしら,終助詞
絶対に行く**とも**。,とも,終助詞
そんなの簡単だ**さ**。,さ,終助詞
準備はもうできた**かい**？,かい,終助詞
一体何をしているん**だい**？,だい,終助詞
ここにゴミを捨てる**な**。,な,終助詞
どうしたもの**やら**困った。,やら,副助詞
どうしても行きたいんだ**もの**。,もの,終助詞
なんて綺麗な景色だ**こと**。,こと,終助詞
本当にこれでいいの**かしら**。,かしら,終助詞
さあ、頑張る**ぞ**。,ぞ,終助詞
これで準備完了だ**ね**。,ね,終助詞
危ないから入る**な**！,な,終助詞
明日も雨が降るの**かな**。,かな,終助詞
僕が手伝ってあげる**よ**。,よ,終助詞
私も一緒に行く**わ**。,わ,終助詞
もう帰る**かい**？,かい,終助詞
何が食べたいん**だい**？,だい,終助詞
絶対に合格してみせる**ぞ**。,ぞ,終助詞
気をつけて行ってきて**ね**。,ね,終助詞
本当の話だ**とも**。,とも,終助詞
諦める**な**、最後まで走れ。,な,終助詞
これでいい**かい**？,かい,終助詞
どうして泣いているん**だい**？,だい,終助詞
おいしいラーメンが食べたい**な**。,な,終助詞
大丈夫**さ**、心配ないよ。,さ,終助詞
急いで行こう**ぜ**。,ぜ,終助詞
外はとても寒い**わ**。,わ,終助詞
宿題は終わった**の**？,の,終助詞
彼女は来られる**かしら**。,かしら,終助詞
困ったことになっちゃった**な**。,な,終助詞
遠慮しないで食べな**よ**。,よ,終助詞
忘れる**な**、感謝の心を。,な,終助詞
勝負はこれからだ**ぞ**。,ぞ,終助詞
素晴らしい演奏だ**こと**。,こと,終助詞
甘いものが食べたい**わ**。,わ,終助詞
連絡を待っている**ね**。,ね,終助詞
いつ出発するん**だい**？,だい,終助詞
少し休もう**か**。,か,終助詞
嘘をついてはいけない**ぞ**。,ぞ,終助詞
早く帰っておいで**ね**。,ね,終助詞
成功するといい**な**。,な,終助詞
気をつけて帰るんだ**よ**。,よ,終助詞
芝生に入る**な**。,な,終助詞
これで終わりだ**さ**。,さ,終助詞
今どこにいるの**かい**？,かい,終助詞
さあ、始めよう**ぜ**。,ぜ,終助詞
なんて可愛い赤ちゃんでしょう**こと**。,こと,終助詞
どうしたらいい**かしら**。,かしら,終助詞
もう一度やり直す**ぞ**。,ぞ,終助詞
これで満足**かい**？,かい,終助詞
どこで買ったん**だい**？,だい,終助詞
明日は早く起きるんだ**よ**。,よ,終助詞
絶対に負けない**とも**。,とも,終助詞
早く来な**よ**。,よ,終助詞
廊下を走る**な**。,な,終助詞
明日は晴れるといい**ね**。,ね,終助詞
そろそろ寝る**わ**。,わ,終助詞
一緒に遊ぼう**ぜ**。,ぜ,終助詞
本当に感謝している**よ**。,よ,終助詞
そろそろ出発しよう**か**。,か,終助詞
誰も来ないじゃあない**か**。,か,終助詞
これで一件落着だ**ね**。,ね,終助詞
そんなはずはない**わ**。,わ,終助詞
油断をする**な**よ。,な,終助詞
力を合わせて戦おう**ぞ**。,ぞ,終助詞
僕たちの勝ちだ**ぜ**。,ぜ,終助詞
どこに隠れているの**かしら**。,かしら,終助詞
リンゴ**ばかり**食べている。,ばかり,副助詞
私**だけ**が残った。,だけ,副助詞
10分**ほど**待ちました。,ほど,副助詞
1冊**くらい**本を買おう。,くらい,副助詞
お茶**でも**飲みませんか。,でも,副助詞
挨拶**くらい**はしなさい。,くらい,副助詞
名前**すら**覚えていない。,すら,副助詞
ひらがな**さえ**書けない。,さえ,副助詞
二人**ずつ**ペアを組む。,ずつ,副助詞
1度**きり**のチャンスだ。,きり,副助詞
本**など**を借りて読む。,など,副助詞
自分で考える**なり**しなさい。,なり,副助詞
どこ**やら**で見た顔だ。,やら,副助詞
これ**ほど**美しい景色はない。,ほど,副助詞
少し**だけ**手伝ってください。,だけ,副助詞
遊び**ばかり**していないで勉強しなさい。,ばかり,副助詞
彼**ほど**足が速い人はいない。,ほど,副助詞
3時間**ぐらい**かかった。,ぐらい,副助詞
水**すら**飲むことができない。,すら,副助詞
一口**だけ**味わってみる。,だけ,副助詞
子供**だって**それくらい知っている。,だって,副助詞
雨**まで**降り出してきた。,まで,副助詞
子供**でも**解ける問題だ。,でも,副助詞
挨拶**すら**してくれない。,すら,副助詞
ひらがな**さえ**読めない。,さえ,副助詞
毎日1時間**ずつ**練習する。,ずつ,副助詞
今度**きり**にしておこう。,きり,副助詞
パン**など**を買ってくる。,など,副助詞
電話**なり**メール**なり**で連絡して。,なり,副助詞
どこ**やら**から声が聞こえる。,やら,副助詞
泣いて**ばかり**いても解決しない。,ばかり,副助詞
君**だけ**に打ち明ける話だ。,だけ,副助詞
富士山**ほど**高い山はない。,ほど,副助詞
100人**ぐらい**が集まった。,ぐらい,副助詞
コーヒー**でも**飲みに行こう。,でも,副助詞
名前**すら**言えない。,すら,副助詞
夢**さえ**見ないほど疲れている。,さえ,副助詞
一つ**ずつ**丁寧に確認する。,ずつ,副助詞
今夜**きり**でのお別れだ。,きり,副助詞
文房具**など**をそろえる。,など,副助詞
行く**なり**帰る**なり**好きにしなさい。,なり,副助詞
なに**やら**怪しい音がする。,やら,副助詞
これ**ほど**嬉しいことはない。,ほど,副助詞
5分**だけ**待ってください。,だけ,副助詞
文句**ばかり**言っている。,ばかり,副助詞
あの人**ほど**親切な人はいない。,ほど,副助詞
一週間**ぐらい**休みがほしい。,ぐらい,副助詞
自分**で**さえ分からない。,さえ,副助詞
少し**ずつ**進めよう。,ずつ,副助詞
一度**きり**の人生を楽しむ。,きり,副助詞
野菜**など**を食べるようにする。,など,副助詞
歩く**なり**走る**なり**して移動する。,なり,副助詞
だれ**やら**が訪ねてきた。,やら,副助詞
泣きたい**くらい**悲しかった。,くらい,副助詞
私**だって**頑張っている。,だって,副助詞
家**まで**歩いて帰る。,まで,副助詞
散歩**でも**しませんか。,でも,副助詞
一言**すら**言わない。,すら,副助詞
水**さえ**あれば生きていける。,さえ,副助詞
1ページ**ずつ**読み進める。,ずつ,副助詞
それ**きり**会っていない。,きり,副助詞
お菓子**など**を持参する。,など,副助詞
見る**なり**聞く**なり**しなさい。,なり,副助詞
いつ**やら**見た映画だ。,やら,副助詞
死ぬ**ほど**努力した。,ほど,副助詞
10分**だけ**時間がほしい。,だけ,副助詞
仕事**ばかり**の毎日だ。,ばかり,副助詞
声**すら**出ない。,すら,副助詞
連絡先**さえ**分かれば大丈夫だ。,さえ,副助詞
1人**ずつ**順番に入る。,ずつ,副助詞
あれ**きり**連絡がない。,きり,副助詞
果物**など**を購入する。,など,副助詞
好き**なり**嫌い**なり**はっきり言いなさい。,なり,副助詞
どこ**やら**へ出かけて行った。,やら,副助詞
山**ほど**の宿題がある。,ほど,副助詞
